1,7.9564025,63.51498459,7.9564025,63.51498459,60,MED,500
1,7.95713519,63.51377519,7.95713519,63.51377519,60,MED,500
1,7.96809879,63.5109648,7.96809879,63.5109648,60,MED,500
1,7.96974385,63.50967055,7.96974385,63.50967055,60,MED,500
1,9.91754395,59.76538666,9.91754395,59.76538666,40,MED,333
1,9.91075117,59.76844111,9.91075117,59.76844111,30,MED,250
1,9.91050822,59.76909161,9.91050822,59.76909161,30,MED,250
1,9.90968391,59.77114347,9.90968391,59.77114347,30,MED,250
1,9.90958091,59.77139903,9.90958091,59.77139903,30,MED,250
1,10.1270951,59.72554657,10.1270951,59.72554657,50,MED,416
1,10.23104926,59.75223552,10.23104926,59.75223552,40,MED,333
1,10.23099053,59.75164113,10.23099053,59.75164113,40,MED,333
1,10.22998676,59.75000115,10.22998676,59.75000115,40,MED,333
1,10.22934608,59.74883584,10.22934608,59.74883584,40,MED,333
1,10.23171143,59.7480031,10.23171143,59.7480031,40,MED,333
1,10.23146172,59.74672338,10.23146172,59.74672338,40,MED,333
1,10.24047341,59.76791338,10.24047341,59.76791338,30,MED,250
1,10.24221996,59.76790172,10.24221996,59.76790172,30,MED,250
1,10.24393006,59.7682334,10.24393006,59.7682334,30,MED,250
1,10.24697332,59.76703,10.24697332,59.76703,30,MED,250
1,10.24810007,59.76671174,10.24810007,59.76671174,30,MED,250
1,10.24988335,59.76652672,10.24988335,59.76652672,30,MED,250
1,10.422285,59.61351503,10.422285,59.61351503,50,MED,416
1,10.42098666,59.61356503,10.42098666,59.61356503,50,MED,416
1,10.41998833,59.6135517,10.41998833,59.6135517,50,MED,416
1,10.41907501,59.61353003,10.41907501,59.61353003,50,MED,416
1,10.418225,59.61349004,10.418225,59.61349004,50,MED,416
1,10.41722,59.61343337,10.41722,59.61343337,50,MED,416
1,10.41534501,59.6135367,10.41534501,59.6135367,50,MED,416
1,10.414455,59.6136867,10.414455,59.6136867,50,MED,416
1,10.51216188,59.75723491,10.51216188,59.75723491,40,MED,333
1,10.51164739,59.75789349,10.51164739,59.75789349,40,MED,333
1,10.51022087,59.75905117,10.51022087,59.75905117,40,MED,333
1,10.44274821,59.7681294,10.44274821,59.7681294,40,MED,333
1,10.44296555,59.76706212,10.44296555,59.76706212,40,MED,333
1,10.44356535,59.76608406,10.44356535,59.76608406,40,MED,333
1,10.44346391,59.76501693,10.44346391,59.76501693,40,MED,333
1,10.42966495,59.56006845,10.42966495,59.56006845,30,MED,250
1,10.43103764,59.55967599,10.43103764,59.55967599,30,MED,250
1,9.27212665,60.02089339,9.27212665,60.02089339,40,MED,333
1,9.2747101,60.02139333,9.2747101,60.02139333,40,MED,333
1,9.57668674,59.83609338,9.57668674,59.83609338,60,MED,500
1,9.89234092,59.73625447,9.89234092,59.73625447,60,MED,500
1,9.89162122,59.73489097,9.89162122,59.73489097,60,MED,500
1,9.88179331,59.73295512,9.88179331,59.73295512,60,MED,500
1,9.87926919,59.73198782,9.87926919,59.73198782,60,MED,500
1,9.87571234,59.73152618,9.87571234,59.73152618,60,MED,500
1,9.87361658,59.73184307,9.87361658,59.73184307,60,MED,500
1,9.89968386,59.75504959,9.89968386,59.75504959,50,MED,416
1,9.90033876,59.7564083,9.90033876,59.7564083,50,MED,416
1,9.90042318,59.75748967,9.90042318,59.75748967,50,MED,416
1,9.90047422,59.75818763,9.90047422,59.75818763,50,MED,416
1,9.90053303,59.75889791,9.90053303,59.75889791,50,MED,416
1,9.88527846,59.845231,9.88527846,59.845231,40,MED,333
1,9.88346042,59.84446311,9.88346042,59.84446311,40,MED,333
1,9.88576819,59.7740384,9.88576819,59.7740384,30,MED,250
1,9.88491705,59.77350887,9.88491705,59.77350887,30,MED,250
1,9.88421397,59.77328386,9.88421397,59.77328386,30,MED,250
1,9.88326554,59.77231963,9.88326554,59.77231963,30,MED,250
1,9.87918392,59.77103313,9.87918392,59.77103313,30,MED,250
1,9.87687963,59.76939995,9.87687963,59.76939995,30,MED,250
1,9.8774213,59.76741135,9.8774213,59.76741135,30,MED,250
1,8.54707029,60.62733162,8.54707029,60.62733162,50,MED,416
1,10.0020945,59.74820983,10.0020945,59.74820983,50,MED,416
1,9.99992895,59.74814142,9.99992895,59.74814142,50,MED,416
1,9.99815133,59.74824939,9.99815133,59.74824939,50,MED,416
1,9.9964662,59.74833505,9.9964662,59.74833505,50,MED,416
1,9.99476631,59.74865887,9.99476631,59.74865887,50,MED,416
1,9.99319162,59.74897983,9.99319162,59.74897983,50,MED,416
1,9.99126258,59.74930438,9.99126258,59.74930438,50,MED,416
1,9.98921709,59.74930453,9.98921709,59.74930453,50,MED,416
1,9.64162984,59.68002558,9.64162984,59.68002558,60,MED,500
1,9.64136665,59.67908919,9.64136665,59.67908919,60,MED,500
1,11.46662375,59.79682849,11.46662375,59.79682849,40,MED,333
1,11.46621382,59.79566577,11.46621382,59.79566577,40,MED,333
1,11.24118626,60.28784128,11.24118626,60.28784128,80,MED,666
1,11.0553292,59.72159285,11.0553292,59.72159285,40,MED,333
1,11.05537977,59.72135138,11.05537977,59.72135138,40,MED,333
1,11.24236241,60.28810234,11.24236241,60.28810234,60,MED,500
1,11.24186486,60.28732895,11.24186486,60.28732895,60,MED,500
1,11.24167374,60.28634881,11.24167374,60.28634881,60,MED,500
1,10.82110159,59.5910496,10.82110159,59.5910496,80,MED,666
1,10.82047136,59.59038199,10.82047136,59.59038199,80,MED,666
1,11.04250832,59.94481118,11.04250832,59.94481118,50,MED,416
1,10.98976653,59.9380774,10.98976653,59.9380774,40,MED,333
1,11.10805063,59.99379321,11.10805063,59.99379321,60,MED,500
1,11.1076861,59.99301016,11.1076861,59.99301016,60,MED,500
1,11.01778661,59.9441339,11.01778661,59.9441339,40,MED,333
1,11.01624773,59.94337199,11.01624773,59.94337199,40,MED,333
1,11.0155476,59.94251646,11.0155476,59.94251646,40,MED,333
1,11.01528372,59.94192697,11.01528372,59.94192697,40,MED,333
1,11.01506849,59.94686569,11.01506849,59.94686569,40,MED,333
1,11.0117976,59.94759538,11.0117976,59.94759538,40,MED,333
1,11.58174545,59.88900021,11.58174545,59.88900021,60,MED,500
1,11.57945579,59.88816305,11.57945579,59.88816305,60,MED,500
1,11.57854542,59.88729096,11.57854542,59.88729096,60,MED,500
1,11.00794785,59.93872881,11.00794785,59.93872881,50,MED,416
1,11.00648079,59.938203,11.00648079,59.938203,50,MED,416
1,10.9862485,59.94003989,10.9862485,59.94003989,50,MED,416
1,10.98454304,59.94024963,10.98454304,59.94024963,50,MED,416
1,10.97560537,59.93694281,10.97560537,59.93694281,50,MED,416
1,10.95220091,59.94345658,10.95220091,59.94345658,30,MED,250
1,10.95739126,59.94245198,10.95739126,59.94245198,30,MED,250
1,10.96701061,59.93959229,10.96701061,59.93959229,30,MED,250
1,11.14199674,59.91840206,11.14199674,59.91840206,50,MED,416
1,10.95418844,59.92440492,10.95418844,59.92440492,30,MED,250
1,10.953813,59.92590851,10.953813,59.92590851,30,MED,250
1,10.94250635,59.91921544,10.94250635,59.91921544,50,MED,416
1,10.940123,59.92170435,10.940123,59.92170435,40,MED,333
1,10.99961368,59.94903156,10.99961368,59.94903156,50,MED,416
1,10.99832605,59.94837742,10.99832605,59.94837742,50,MED,416
1,10.99803364,59.94834939,10.99803364,59.94834939,50,MED,416
1,10.99843777,59.94959935,10.99843777,59.94959935,50,MED,416
1,10.99832905,59.95059755,10.99832905,59.95059755,50,MED,416
1,10.99476011,59.96008988,10.99476011,59.96008988,50,MED,416
1,10.99450145,59.96134815,10.99450145,59.96134815,50,MED,416
1,10.99474134,59.96271907,10.99474134,59.96271907,50,MED,416
1,11.00940757,59.94465828,11.00940757,59.94465828,40,MED,333
1,11.00334347,59.94837015,11.00334347,59.94837015,50,MED,416
1,11.01338156,59.94285661,11.01338156,59.94285661,40,MED,333
1,11.26566498,60.19018603,11.26566498,60.19018603,50,MED,416
1,11.26441177,60.18814639,11.26441177,60.18814639,50,MED,416
1,11.26313133,60.1860336,11.26313133,60.1860336,50,MED,416
1,11.26286093,60.18556654,11.26286093,60.18556654,50,MED,416
1,11.1995802,60.14076079,11.1995802,60.14076079,40,MED,333
1,10.74896704,59.60347657,10.74896704,59.60347657,50,MED,416
1,10.74846088,59.60328897,10.74846088,59.60328897,50,MED,416
1,10.83886414,59.71641208,10.83886414,59.71641208,40,MED,333
1,10.84084638,59.71815952,10.84084638,59.71815952,40,MED,333
1,10.84580096,59.72037055,10.84580096,59.72037055,40,MED,333
1,10.84606459,59.72167669,10.84606459,59.72167669,40,MED,333
1,10.83632118,59.71787336,10.83632118,59.71787336,40,MED,333
1,10.83769569,59.7169291,10.83769569,59.7169291,40,MED,333
1,10.83801335,59.71533087,10.83801335,59.71533087,40,MED,333
1,10.82327342,59.75360512,10.82327342,59.75360512,40,MED,333
1,10.82470511,59.75308056,10.82470511,59.75308056,40,MED,333
1,10.825839,59.75287416,10.825839,59.75287416,40,MED,333
1,10.82665889,59.75235905,10.82665889,59.75235905,40,MED,333
1,10.82698045,59.75094041,10.82698045,59.75094041,40,MED,333
1,10.82695728,59.74992806,10.82695728,59.74992806,40,MED,333
1,10.82677025,59.74876792,10.82677025,59.74876792,40,MED,333
1,10.82666891,59.74781719,10.82666891,59.74781719,40,MED,333
1,10.8290789,59.72535641,10.8290789,59.72535641,40,MED,333
1,10.82914772,59.72420726,10.82914772,59.72420726,40,MED,333
1,10.82916304,59.72315408,10.82916304,59.72315408,40,MED,333
1,10.88405127,59.67893586,10.88405127,59.67893586,50,MED,416
1,10.8852258,59.67655642,10.8852258,59.67655642,50,MED,416
1,10.68536672,59.5029476,10.68536672,59.5029476,40,MED,333
1,10.68607388,59.50036853,10.68607388,59.50036853,40,MED,333
1,10.6871496,59.49786562,10.6871496,59.49786562,40,MED,333
1,10.69006328,59.49326122,10.69006328,59.49326122,40,MED,333
1,10.69143709,59.49162065,10.69143709,59.49162065,40,MED,333
1,10.69194303,59.63061229,10.69194303,59.63061229,50,MED,416
1,10.69161122,59.63000193,10.69161122,59.63000193,50,MED,416
1,11.13205189,60.08580322,11.13205189,60.08580322,50,MED,416
1,11.13304675,60.08430173,11.13304675,60.08430173,50,MED,416
1,11.10728583,60.02548078,11.10728583,60.02548078,60,MED,500
1,11.10369475,60.0248141,11.10369475,60.0248141,60,MED,500
1,11.1025876,60.02469376,11.1025876,60.02469376,60,MED,500
1,11.10101658,60.02498876,11.10101658,60.02498876,60,MED,500
1,11.15849544,60.29056531,11.15849544,60.29056531,50,MED,416
1,11.03614508,60.07195014,11.03614508,60.07195014,40,MED,333
1,11.02225917,60.13683538,11.02225917,60.13683538,40,MED,333
1,10.99944138,60.08367363,10.99944138,60.08367363,50,MED,416
1,10.81342254,60.12876028,10.81342254,60.12876028,50,MED,416
1,10.81583351,60.12748282,10.81583351,60.12748282,50,MED,416
1,10.8184272,60.12623503,10.8184272,60.12623503,50,MED,416
1,10.82132533,60.12504916,10.82132533,60.12504916,50,MED,416
1,10.82506299,60.12361774,10.82506299,60.12361774,50,MED,416
1,7.53519916,59.21267204,7.53519916,59.21267204,40,MED,333
1,7.53593371,59.21277425,7.53593371,59.21277425,80,MED,666
1,7.53465448,59.2114634,7.53465448,59.2114634,80,MED,666
1,7.53438651,59.21087958,7.53438651,59.21087958,80,MED,666
1,8.79078945,58.45115857,8.79078945,58.45115857,50,MED,416
1,8.79029807,58.45160793,8.79029807,58.45160793,50,MED,416
1,8.78960669,58.45226669,8.78960669,58.45226669,50,MED,416
1,8.79945029,58.45919593,8.79945029,58.45919593,50,MED,416
1,8.79892164,58.45869503,8.79892164,58.45869503,50,MED,416
1,8.79869505,58.45827168,8.79869505,58.45827168,50,MED,416
1,8.86756006,58.45185337,8.86756006,58.45185337,80,MED,666
1,8.80463666,58.43886007,8.80463666,58.43886007,50,MED,416
1,8.80217007,58.43851339,8.80217007,58.43851339,50,MED,416
1,8.80057461,58.43812213,8.80057461,58.43812213,50,MED,416
1,8.7992117,58.43812666,8.7992117,58.43812666,50,MED,416
1,8.79410152,58.47058056,8.79410152,58.47058056,30,MED,250
1,8.73348496,58.42715835,8.73348496,58.42715835,30,MED,250
1,8.73306468,58.42771136,8.73306468,58.42771136,30,MED,250
1,8.73236168,58.42819834,8.73236168,58.42819834,30,MED,250
1,8.74324999,58.45068336,8.74324999,58.45068336,30,MED,250
1,8.7430966,58.45011839,8.7430966,58.45011839,30,MED,250
1,8.74296834,58.44951169,8.74296834,58.44951169,30,MED,250
1,8.77067998,58.45103167,8.77067998,58.45103167,40,MED,333
1,8.74872341,58.44633333,8.74872341,58.44633333,40,MED,333
1,8.76845852,58.45112681,8.76845852,58.45112681,50,MED,416
1,8.76840089,58.45070191,8.76840089,58.45070191,50,MED,416
1,8.76835847,58.45027772,8.76835847,58.45027772,50,MED,416
1,8.76801208,58.44951295,8.76801208,58.44951295,50,MED,416
1,8.35374321,58.23667098,8.35374321,58.23667098,30,MED,250
1,8.35375671,58.23674834,8.35375671,58.23674834,30,MED,250
1,8.61254667,58.41950669,8.61254667,58.41950669,80,MED,666
1,8.61439337,58.41912,8.61439337,58.41912,80,MED,666
1,8.61639836,58.41813667,8.61639836,58.41813667,80,MED,666
1,8.69757999,58.39199505,8.69757999,58.39199505,50,MED,416
1,9.08198756,58.7639062,9.08198756,58.7639062,40,MED,333
1,9.08113185,58.76377198,9.08113185,58.76377198,30,MED,250
1,10.03129457,62.71732738,10.03129457,62.71732738,80,MED,666
1,10.03182373,62.71667184,10.03182373,62.71667184,80,MED,666
1,10.03240864,62.71598593,10.03240864,62.71598593,80,MED,666
1,7.1213445,58.51122689,7.1213445,58.51122689,50,MED,416
1,7.12352561,58.51023287,7.12352561,58.51023287,50,MED,416
1,6.71687712,58.66421959,6.71687712,58.66421959,50,MED,416
1,7.2711644,58.05495791,7.2711644,58.05495791,60,MED,500
1,7.13066228,58.0450643,7.13066228,58.0450643,50,MED,416
1,7.30398525,58.08270106,7.30398525,58.08270106,60,MED,500
1,7.89727906,58.34438007,7.89727906,58.34438007,80,MED,666
1,7.89493804,58.34349538,7.89493804,58.34349538,80,MED,666
1,7.52166079,58.09674748,7.52166079,58.09674748,50,MED,416
1,7.45533219,58.03382133,7.45533219,58.03382133,80,MED,666
1,10.64653252,59.92143644,10.64653252,59.92143644,40,MED,333
1,10.90181001,63.44507484,10.90181001,63.44507484,30,MED,250
1,10.90335067,63.445066,10.90335067,63.445066,30,MED,250
1,10.90509635,63.44522292,10.90509635,63.44522292,30,MED,250
1,10.97500194,63.48210108,10.97500194,63.48210108,40,MED,333
1,10.97391801,63.48230047,10.97391801,63.48230047,40,MED,333
1,11.30208128,63.72676631,11.30208128,63.72676631,50,MED,416
1,11.29803485,63.7278928,11.29803485,63.7278928,50,MED,416
1,10.40374804,59.60809463,10.40374804,59.60809463,50,MED,416
1,10.08474494,59.5275191,10.08474494,59.5275191,80,MED,666
1,10.08859457,59.52914087,10.08859457,59.52914087,80,MED,666
1,10.25496148,59.4972951,10.25496148,59.4972951,50,MED,416
1,10.2557307,59.49845589,10.2557307,59.49845589,50,MED,416
1,10.25616115,59.49929359,10.25616115,59.49929359,50,MED,416
1,10.31438487,59.47650541,10.31438487,59.47650541,40,MED,333
1,10.3152718,59.47723822,10.3152718,59.47723822,40,MED,333
1,10.21413478,59.62743665,10.21413478,59.62743665,40,MED,333
1,10.26763838,59.37295341,10.26763838,59.37295341,80,MED,666
1,10.27644494,59.37148167,10.27644494,59.37148167,80,MED,666
1,10.36353129,59.37158767,10.36353129,59.37158767,80,MED,666
1,10.36470847,59.37170028,10.36470847,59.37170028,80,MED,666
1,10.36588953,59.37169052,10.36588953,59.37169052,80,MED,666
1,10.03737732,59.59606108,10.03737732,59.59606108,60,MED,500
1,10.03836145,59.59602404,10.03836145,59.59602404,60,MED,500
1,10.20750637,59.58499419,10.20750637,59.58499419,60,MED,500
1,10.20369044,59.58422041,10.20369044,59.58422041,60,MED,500
1,10.24946073,59.5020439,10.24946073,59.5020439,40,MED,333
1,10.69286764,60.93983536,10.69286764,60.93983536,50,MED,416
1,11.81998215,60.73047705,11.81998215,60.73047705,40,MED,333
1,11.81879225,60.73005743,11.81879225,60.73005743,40,MED,333
1,11.83426402,60.67211271,11.83426402,60.67211271,80,MED,666
1,12.00376914,60.55442432,12.00376914,60.55442432,60,MED,500
1,12.00490504,60.55448959,12.00490504,60.55448959,60,MED,500
1,12.00145238,60.18734055,12.00145238,60.18734055,50,MED,416
1,12.19826594,59.94901215,12.19826594,59.94901215,50,MED,416
1,12.19757449,59.94560647,12.19757449,59.94560647,50,MED,416
1,12.19604698,59.94353771,12.19604698,59.94353771,50,MED,416
1,12.19705849,59.94066323,12.19705849,59.94066323,50,MED,416
1,12.19756075,59.93775527,12.19756075,59.93775527,50,MED,416
1,11.98413938,60.18330582,11.98413938,60.18330582,50,MED,416
1,11.98270351,60.18376546,11.98270351,60.18376546,50,MED,416
1,11.99229957,59.92635006,11.99229957,59.92635006,60,MED,500
1,12.32449482,60.10184681,12.32449482,60.10184681,80,MED,666
1,12.32105256,60.10009204,12.32105256,60.10009204,80,MED,666
1,12.31989362,60.09831294,12.31989362,60.09831294,80,MED,666
1,12.32280336,60.0965922,12.32280336,60.0965922,80,MED,666
1,11.67983563,60.25193458,11.67983563,60.25193458,80,MED,666
1,11.67890712,60.2504535,11.67890712,60.2504535,80,MED,666
1,11.67758859,60.24568163,11.67758859,60.24568163,80,MED,666
1,11.54490855,60.39037959,11.54490855,60.39037959,60,MED,500
1,11.53952905,60.39247419,11.53952905,60.39247419,60,MED,500
1,11.12657011,60.77572484,11.12657011,60.77572484,60,MED,500
1,11.12377961,60.77540629,11.12377961,60.77540629,60,MED,500
1,11.34202224,60.8194893,11.34202224,60.8194893,50,MED,416
1,11.12803482,60.80415289,11.12803482,60.80415289,60,MED,500
1,14.41918658,67.2893296,14.41918658,67.2893296,30,MED,250
1,14.42008851,67.28843389,14.42008851,67.28843389,30,MED,250
1,14.42030908,67.28820443,14.42030908,67.28820443,30,MED,250
1,14.42137821,67.28661836,14.42137821,67.28661836,30,MED,250
1,14.4218729,67.2858132,14.4218729,67.2858132,30,MED,250
1,14.62182067,67.32143927,14.62182067,67.32143927,50,MED,416
1,14.62360103,67.32075789,14.62360103,67.32075789,50,MED,416
1,18.73219533,69.68240449,18.73219533,69.68240449,60,MED,500
1,18.7352983,69.6824491,18.7352983,69.6824491,60,MED,500
1,18.73874099,69.68218509,18.73874099,69.68218509,60,MED,500
1,18.74073607,69.68191245,18.74073607,69.68191245,60,MED,500
1,18.74229314,69.6815914,18.74229314,69.6815914,60,MED,500
1,10.91026465,59.22579561,10.91026465,59.22579561,50,MED,416
1,10.90565063,59.2175252,10.90565063,59.2175252,50,MED,416
1,10.89239412,59.21859489,10.89239412,59.21859489,50,MED,416
1,10.83182884,59.2018851,10.83182884,59.2018851,80,MED,666
1,10.83189136,59.20092636,10.83189136,59.20092636,80,MED,666
1,10.83173964,59.20016469,10.83173964,59.20016469,80,MED,666
1,10.83055707,59.19977266,10.83055707,59.19977266,80,MED,666
1,10.82943434,59.19934608,10.82943434,59.19934608,80,MED,666
1,11.0517339,59.18553878,11.0517339,59.18553878,60,MED,500
1,11.05084266,59.18500936,11.05084266,59.18500936,60,MED,500
1,11.04896385,59.1845715,11.04896385,59.1845715,60,MED,500
1,11.04748762,59.18472584,11.04748762,59.18472584,60,MED,500
1,11.04584872,59.18473381,11.04584872,59.18473381,60,MED,500
1,10.87461531,59.10261182,10.87461531,59.10261182,50,MED,416
1,10.87463615,59.10327461,10.87463615,59.10327461,50,MED,416
1,10.87505834,59.10406608,10.87505834,59.10406608,50,MED,416
1,11.00353141,59.23173025,11.00353141,59.23173025,40,MED,333
1,11.00529612,59.23177005,11.00529612,59.23177005,40,MED,333
1,11.00667547,59.23181266,11.00667547,59.23181266,40,MED,333
1,11.00969825,59.23139962,11.00969825,59.23139962,40,MED,333
1,11.20700637,59.59510742,11.20700637,59.59510742,80,MED,666
1,11.20586824,59.59485192,11.20586824,59.59485192,80,MED,666
1,11.20512942,59.5942296,11.20512942,59.5942296,80,MED,666
1,11.20535681,59.59377863,11.20535681,59.59377863,80,MED,666
1,11.205244,59.5920463,11.205244,59.5920463,80,MED,666
1,11.20468759,59.59155093,11.20468759,59.59155093,80,MED,666
1,11.20323001,59.59133732,11.20323001,59.59133732,80,MED,666
1,11.20165191,59.59140664,11.20165191,59.59140664,80,MED,666
1,11.20034567,59.59130424,11.20034567,59.59130424,80,MED,666
1,11.19949039,59.59075318,11.19949039,59.59075318,80,MED,666
1,11.19827908,59.59018885,11.19827908,59.59018885,80,MED,666
1,11.19710032,59.58991902,11.19710032,59.58991902,80,MED,666
1,11.19618126,59.58972948,11.19618126,59.58972948,80,MED,666
1,11.1948683,59.5895006,11.1948683,59.5895006,80,MED,666
1,11.08080896,59.62533535,11.08080896,59.62533535,80,MED,666
1,11.08039591,59.62462306,11.08039591,59.62462306,80,MED,666
1,11.08072862,59.62365235,11.08072862,59.62365235,80,MED,666
1,11.08066977,59.62291336,11.08066977,59.62291336,80,MED,666
1,11.08078072,59.62215141,11.08078072,59.62215141,80,MED,666
1,11.17121265,59.58479652,11.17121265,59.58479652,60,MED,500
1,11.17129038,59.58454038,11.17129038,59.58454038,60,MED,500
1,11.41999679,59.3574775,11.41999679,59.3574775,80,MED,666
1,11.42135729,59.35603829,11.42135729,59.35603829,80,MED,666
1,11.42076991,59.35669075,11.42076991,59.35669075,80,MED,666
1,11.42158714,59.35522986,11.42158714,59.35522986,80,MED,666
1,11.00090118,59.66127675,11.00090118,59.66127675,60,MED,500
1,11.0002227,59.66076946,11.0002227,59.66076946,60,MED,500
1,11.00015302,59.65982388,11.00015302,59.65982388,60,MED,500
1,11.00057098,59.65907953,11.00057098,59.65907953,60,MED,500
1,11.00121883,59.65828652,11.00121883,59.65828652,60,MED,500
1,11.45090382,59.1383373,11.45090382,59.1383373,60,MED,500
1,10.8725626,59.34980805,10.8725626,59.34980805,40,MED,333
1,10.87259911,59.35074346,10.87259911,59.35074346,40,MED,333
1,10.87021321,59.35273886,10.87021321,59.35273886,60,MED,500
1,10.8668784,59.35318606,10.8668784,59.35318606,60,MED,500
1,10.8644524,59.35346016,10.8644524,59.35346016,60,MED,500
1,10.87378241,59.35165437,10.87378241,59.35165437,40,MED,333
1,10.87536999,59.35119385,10.87536999,59.35119385,40,MED,333
1,11.38314187,59.13999018,11.38314187,59.13999018,50,MED,416
1,11.38433825,59.13992636,11.38433825,59.13992636,50,MED,416
1,11.38535831,59.13966993,11.38535831,59.13966993,50,MED,416
1,11.26755187,59.10179359,11.26755187,59.10179359,60,MED,500
1,11.2682838,59.10076154,11.2682838,59.10076154,60,MED,500
1,11.2682838,59.10076154,11.2682838,59.10076154,60,MED,500
1,10.8723792,59.35143915,10.8723792,59.35143915,40,MED,333
1,11.14285546,59.27287817,11.14285546,59.27287817,40,MOT,333
1,11.14463445,59.27265483,11.14463445,59.27265483,40,MOT,333
1,11.1466768,59.27242671,11.1466768,59.27242671,40,MOT,333
1,11.14838497,59.27198665,11.14838497,59.27198665,40,MOT,333
1,11.14997908,59.27143325,11.14997908,59.27143325,40,MOT,333
1,11.15149922,59.27090393,11.15149922,59.27090393,40,MOT,333
1,11.0786311,59.61621605,11.0786311,59.61621605,40,MED,333
1,11.07906323,59.61737746,11.07906323,59.61737746,40,MED,333
1,11.07932878,59.61809086,11.07932878,59.61809086,40,MED,333
1,11.07967718,59.61900069,11.07967718,59.61900069,40,MED,333
1,11.08002518,59.61986838,11.08002518,59.61986838,40,MED,333
1,11.08030287,59.62059549,11.08030287,59.62059549,40,MED,333
1,10.76542919,59.29712162,10.76542919,59.29712162,50,MED,416
1,10.76655272,59.29746632,10.76655272,59.29746632,50,MED,416
1,10.7678016,59.29793977,10.7678016,59.29793977,50,MED,416
1,10.86850649,59.35299605,10.86850649,59.35299605,60,MED,500
1,11.29592762,59.12389913,11.29592762,59.12389913,80,MED,666
1,11.29717942,59.12394927,11.29717942,59.12394927,80,MED,666
1,11.29848617,59.12412005,11.29848617,59.12412005,80,MED,666
1,11.30003978,59.12429677,11.30003978,59.12429677,80,MED,666
1,11.03683789,59.26793155,11.03683789,59.26793155,50,MED,416
1,11.03722517,59.26867992,11.03722517,59.26867992,50,MED,416
1,11.0377609,59.26943308,11.0377609,59.26943308,50,MOT,416
1,11.03921411,59.27093991,11.03921411,59.27093991,50,MED,416
1,11.0402723,59.27198046,11.0402723,59.27198046,50,MOT,416
1,11.040961,59.27288177,11.040961,59.27288177,50,MOT,416
1,11.36389338,59.13229725,11.36389338,59.13229725,50,MED,416
1,11.38327909,59.12807996,11.38327909,59.12807996,70,MED,583
1,11.3829588,59.12805526,11.3829588,59.12805526,70,MED,583
1,11.34133184,59.42852167,11.34133184,59.42852167,80,MED,666
1,11.34025083,59.42809083,11.34025083,59.42809083,80,MED,666
1,10.67145453,59.42771562,10.67145453,59.42771562,40,MED,333
1,10.67036527,59.43014069,10.67036527,59.43014069,40,MED,333
1,10.67019247,59.43081764,10.67019247,59.43081764,40,MED,333
1,10.66998673,59.43293476,10.66998673,59.43293476,40,MED,333
1,10.66693256,59.33157812,10.66693256,59.33157812,60,MED,500
1,10.66661998,59.33240918,10.66661998,59.33240918,60,MED,500
1,10.66565588,59.33310247,10.66565588,59.33310247,60,MED,500
1,10.66490864,59.33363266,10.66490864,59.33363266,60,MED,500
1,10.66399078,59.334339,10.66399078,59.334339,60,MED,500
1,10.66374567,59.33499456,10.66374567,59.33499456,60,MED,500
1,11.01537553,59.4238971,11.01537553,59.4238971,60,MED,500
1,11.00997913,59.42533712,11.00997913,59.42533712,50,MED,416
1,10.66056834,59.42983126,10.66056834,59.42983126,50,MED,416
1,10.66137631,59.42903016,10.66137631,59.42903016,50,MED,416
1,10.66223363,59.42837769,10.66223363,59.42837769,50,MED,416
1,10.66284032,59.42769083,10.66284032,59.42769083,50,MED,416
1,10.66391476,59.42687951,10.66391476,59.42687951,50,MED,416
1,10.66513303,59.42611452,10.66513303,59.42611452,50,MED,416
1,10.66602399,59.42531557,10.66602399,59.42531557,50,MED,416
1,10.871687,59.35221305,10.871687,59.35221305,60,MED,500
1,10.89780819,59.22502595,10.89780819,59.22502595,50,MED,416
1,10.89706598,59.22431721,10.89706598,59.22431721,50,MED,416
1,10.89632492,59.22347788,10.89632492,59.22347788,50,MED,416
1,10.89550286,59.22274168,10.89550286,59.22274168,50,MED,416
1,10.89484434,59.22222552,10.89484434,59.22222552,50,MED,416
1,10.89401055,59.22141907,10.89401055,59.22141907,50,MED,416
1,10.89310259,59.22081942,10.89310259,59.22081942,50,MED,416
1,10.89245288,59.21927744,10.89245288,59.21927744,50,MED,416
1,10.89180571,59.21788352,10.89180571,59.21788352,50,MED,416
1,10.89134769,59.21698651,10.89134769,59.21698651,50,MED,416
1,10.89112717,59.21634502,10.89112717,59.21634502,50,MED,416
1,10.89064509,59.21539091,10.89064509,59.21539091,50,MED,416
1,10.89033512,59.21460673,10.89033512,59.21460673,50,MED,416
1,10.88990786,59.21376534,10.88990786,59.21376534,50,MED,416
1,10.88964861,59.21295956,10.88964861,59.21295956,50,MED,416
1,10.88888374,59.21205464,10.88888374,59.21205464,50,MED,416
1,10.99026461,59.22958564,10.99026461,59.22958564,50,MED,416
1,10.97324628,59.21755277,10.97324628,59.21755277,50,MED,416
1,10.97161463,59.21678494,10.97161463,59.21678494,50,MED,416
1,10.97053635,59.21582135,10.97053635,59.21582135,50,MED,416
1,10.96988725,59.21508753,10.96988725,59.21508753,50,MED,416
1,10.96903144,59.21448694,10.96903144,59.21448694,50,MED,416
1,10.96792457,59.21399401,10.96792457,59.21399401,50,MED,416
1,10.96688844,59.21354075,10.96688844,59.21354075,50,MED,416
1,10.76633986,59.26953859,10.76633986,59.26953859,50,MED,416
1,10.76780307,59.26931266,10.76780307,59.26931266,50,MED,416
1,10.76906446,59.26896534,10.76906446,59.26896534,50,MED,416
1,10.77034058,59.26852382,10.77034058,59.26852382,50,MED,416
1,10.77171005,59.26805567,10.77171005,59.26805567,50,MED,416
1,10.69083772,59.48991653,10.69083772,59.48991653,40,MED,333
1,10.69149299,59.48897147,10.69149299,59.48897147,40,MED,333
1,10.69396406,59.48800363,10.69396406,59.48800363,40,MED,333
1,10.69550722,59.48764999,10.69550722,59.48764999,40,MED,333
1,11.03642937,59.02565197,11.03642937,59.02565197,40,MED,333
1,11.0355722,59.02607479,11.0355722,59.02607479,40,MED,333
1,11.03462379,59.02682044,11.03462379,59.02682044,40,MED,333
1,11.03394124,59.02737324,11.03394124,59.02737324,40,MED,333
1,11.03233734,59.02802158,11.03233734,59.02802158,40,MED,333
1,11.0313661,59.02832234,11.0313661,59.02832234,40,MED,333
1,11.0454451,59.22463649,11.0454451,59.22463649,80,MED,666
1,11.02629414,59.17520237,11.02629414,59.17520237,80,MED,666
1,11.00195165,59.6662616,11.00195165,59.6662616,40,MED,333
1,11.00003509,59.66486168,11.00003509,59.66486168,40,MED,333
1,10.99901474,59.66416167,10.99901474,59.66416167,40,MED,333
1,10.9981305,59.66356824,10.9981305,59.66356824,40,MED,333
1,10.99681075,59.66296183,10.99681075,59.66296183,40,MED,333
1,10.99620274,59.66214656,10.99620274,59.66214656,40,MED,333
1,10.9968889,59.66140707,10.9968889,59.66140707,40,MED,333
1,10.99842312,59.66120515,10.99842312,59.66120515,40,MED,333
1,11.02524814,59.62570662,11.02524814,59.62570662,30,MED,250
1,11.02494134,59.62500642,11.02494134,59.62500642,30,MED,250
1,11.0247954,59.62463642,11.0247954,59.62463642,30,MED,250
1,9.57462295,59.21495474,9.57462295,59.21495474,60,MED,500
1,9.57604242,59.21196154,9.57604242,59.21196154,60,MED,500
1,9.576547,59.21093761,9.576547,59.21093761,60,MED,500
1,9.62528759,59.15562137,9.62528759,59.15562137,30,MED,250
1,9.62621992,59.15521567,9.62621992,59.15521567,30,MED,250
1,9.62756475,59.15466346,9.62756475,59.15466346,30,MED,250
1,9.62902227,59.15418205,9.62902227,59.15418205,30,MED,250
1,9.62990381,59.15380688,9.62990381,59.15380688,30,MED,250
1,9.63042659,59.15306434,9.63042659,59.15306434,30,MED,250
1,9.63052027,59.15245465,9.63052027,59.15245465,30,MED,250
1,9.62871424,59.15143522,9.62871424,59.15143522,30,MED,250
1,9.54110781,59.1934814,9.54110781,59.1934814,40,MED,333
1,9.54340552,59.19239394,9.54340552,59.19239394,40,MED,333
1,9.54580055,59.19172606,9.54580055,59.19172606,40,MED,333
1,9.622998,59.21037425,9.622998,59.21037425,40,MED,333
1,9.62327685,59.21139166,9.62327685,59.21139166,40,MED,333
1,9.62353629,59.21352507,9.62353629,59.21352507,40,MED,333
1,9.62392547,59.2146456,9.62392547,59.2146456,40,MED,333
1,9.61488174,59.21220838,9.61488174,59.21220838,50,MED,416
1,9.62342172,59.20764335,9.62342172,59.20764335,50,MED,416
1,9.62452693,59.2060756,9.62452693,59.2060756,50,MED,416
1,8.19257661,59.49845886,8.19257661,59.49845886,80,MED,666
1,8.19465204,59.49837328,8.19465204,59.49837328,80,MED,666
1,10.47149572,59.29432563,10.47149572,59.29432563,30,MED,250
1,10.47154014,59.29542756,10.47154014,59.29542756,30,MED,250
1,10.4716931,59.29647895,10.4716931,59.29647895,30,MED,250
1,10.47164604,59.29780442,10.47164604,59.29780442,30,MED,250
1,10.47148026,59.29862957,10.47148026,59.29862957,30,MED,250
1,10.47156805,59.29954972,10.47156805,59.29954972,30,MED,250
1,10.47150014,59.30064476,10.47150014,59.30064476,30,MED,250
1,10.47109226,59.30164891,10.47109226,59.30164891,30,MED,250
1,10.47013996,59.30234081,10.47013996,59.30234081,30,MED,250
1,10.47323617,59.30240844,10.47323617,59.30240844,30,MED,250
1,10.4683933,59.30254796,10.4683933,59.30254796,30,MED,250
1,10.46639796,59.30287494,10.46639796,59.30287494,30,MED,250
1,10.45472202,59.30558499,10.45472202,59.30558499,30,MED,250
1,10.45313554,59.30548654,10.45313554,59.30548654,30,MED,250
1,10.45013519,59.30516582,10.45013519,59.30516582,30,MED,250
1,10.44887931,59.30496286,10.44887931,59.30496286,30,MED,250
1,10.4473252,59.30471886,10.4473252,59.30471886,30,MED,250
1,10.41726137,59.29709671,10.41726137,59.29709671,80,MED,666
1,10.46432156,59.28150883,10.46432156,59.28150883,30,MED,250
1,10.46493676,59.28241187,10.46493676,59.28241187,30,MED,250
1,10.46356432,59.28372725,10.46356432,59.28372725,30,MED,250
1,10.46225481,59.28421397,10.46225481,59.28421397,30,MED,250
1,10.46077628,59.28470241,10.46077628,59.28470241,30,MED,250
1,10.45959138,59.28507537,10.45959138,59.28507537,30,MED,250
1,10.45843986,59.28543375,10.45843986,59.28543375,30,MED,250
1,10.45738571,59.28577222,10.45738571,59.28577222,30,MED,250
1,10.45590683,59.28663484,10.45590683,59.28663484,30,MED,250
1,10.45547147,59.28704502,10.45547147,59.28704502,30,MED,250
1,10.45515294,59.28791762,10.45515294,59.28791762,30,MED,250
1,10.4551857,59.28875015,10.4551857,59.28875015,30,MED,250
1,10.45520794,59.28931538,10.45520794,59.28931538,30,MED,250
1,10.45522829,59.29004351,10.45522829,59.29004351,30,MED,250
1,10.45525828,59.29076388,10.45525828,59.29076388,30,MED,250
1,10.45528209,59.2914424,10.45528209,59.2914424,30,MED,250
1,10.45502332,59.29216598,10.45502332,59.29216598,30,MED,250
1,10.45473244,59.29275741,10.45473244,59.29275741,30,MED,250
1,10.45436499,59.29346263,10.45436499,59.29346263,30,MED,250
1,10.45370922,59.29420831,10.45370922,59.29420831,30,MED,250
1,10.45147433,59.295464,10.45147433,59.295464,30,MED,250
1,10.45095402,59.29617286,10.45095402,59.29617286,30,MED,250
1,10.45053464,59.29700648,10.45053464,59.29700648,30,MED,250
1,10.48254427,59.27861744,10.48254427,59.27861744,60,MED,500
1,10.42375825,59.33114833,10.42375825,59.33114833,30,MED,250
1,10.42507837,59.33074336,10.42507837,59.33074336,30,MED,250
1,10.42641667,59.33012333,10.42641667,59.33012333,30,MED,250
1,10.42805837,59.32964833,10.42805837,59.32964833,30,MED,250
1,10.43996509,59.31175004,10.43996509,59.31175004,30,MED,250
1,10.44002163,59.31104007,10.44002163,59.31104007,30,MED,250
1,10.43966005,59.31042174,10.43966005,59.31042174,30,MED,250
1,10.43952506,59.30976666,10.43952506,59.30976666,30,MED,250
1,10.43962842,59.3092034,10.43962842,59.3092034,30,MED,250
1,10.4398367,59.30850172,10.4398367,59.30850172,30,MED,250
1,10.44047331,59.30694336,10.44047331,59.30694336,30,MED,250
1,10.44122329,59.30549008,10.44122329,59.30549008,30,MED,250
1,10.46155499,59.42262168,10.46155499,59.42262168,50,MED,416
1,10.47158003,59.40824171,10.47158003,59.40824171,30,MED,250
1,10.42918434,59.17425971,10.42918434,59.17425971,50,MED,416
1,10.4410776,59.17814987,10.4410776,59.17814987,50,MED,416
1,10.44079134,59.17910162,10.44079134,59.17910162,50,MED,416
1,10.44061832,59.17968123,10.44061832,59.17968123,50,MED,416
1,10.44221903,59.18105977,10.44221903,59.18105977,50,MED,416
1,7.7732401,58.49967436,7.7732401,58.49967436,40,MED,333
1,7.77083558,58.50162192,7.77083558,58.50162192,40,MED,333
1,7.768643,58.50585166,7.768643,58.50585166,40,MED,333
1,10.41632654,59.10860529,10.41632654,59.10860529,40,MED,333
1,10.4170795,59.10684174,10.4170795,59.10684174,40,MED,333
1,10.41746688,59.10539237,10.41746688,59.10539237,40,MED,333
1,10.41713998,59.10410382,10.41713998,59.10410382,40,MED,333
1,10.44007992,59.21036007,10.44007992,59.21036007,30,MED,250
1,10.36937161,59.18184836,10.36937161,59.18184836,50,MED,416
1,10.36882333,59.18118838,10.36882333,59.18118838,50,MED,416
1,10.36799162,59.17936673,10.36799162,59.17936673,50,MED,416
1,10.38869498,59.19694671,10.38869498,59.19694671,50,MED,416
1,10.44902727,59.25572809,10.44902727,59.25572809,50,MED,416
1,10.44950809,59.25536548,10.44950809,59.25536548,50,MED,416
1,10.47378508,59.25212669,10.47378508,59.25212669,50,MED,416
1,10.3944271,59.24079004,10.3944271,59.24079004,40,MED,333
1,10.39272644,59.24073471,10.39272644,59.24073471,40,MED,333
1,11.42471161,59.1104282,11.42471161,59.1104282,40,MED,333
1,11.42567128,59.11097785,11.42567128,59.11097785,40,MED,333
1,11.43368974,59.1225961,11.43368974,59.1225961,40,MED,333
1,11.43504023,59.12296879,11.43504023,59.12296879,40,MED,333
1,11.4363478,59.12326096,11.4363478,59.12326096,40,MED,333
1,11.43750628,59.12341749,11.43750628,59.12341749,40,MED,333
1,11.43964895,59.12404967,11.43964895,59.12404967,40,MED,333
1,11.44091293,59.12427197,11.44091293,59.12427197,40,MED,333
1,11.44256986,59.12448154,11.44256986,59.12448154,40,MED,333
1,11.44336448,59.12504243,11.44336448,59.12504243,40,MED,333
1,11.44351673,59.12612547,11.44351673,59.12612547,40,MED,333
1,10.44392167,59.22082836,10.44392167,59.22082836,30,MED,250
1,10.4097663,59.38365386,10.4097663,59.38365386,80,MED,666
1,10.46200245,59.25871752,10.46200245,59.25871752,40,MED,333
1,10.49515031,59.31170837,10.49515031,59.31170837,30,MED,250
1,10.46273166,59.34981668,10.46273166,59.34981668,30,MED,250
1,10.43958544,59.29291036,10.43958544,59.29291036,60,MED,500
1,10.43963432,59.29435163,10.43963432,59.29435163,60,MED,500
1,10.44004769,59.2961051,10.44004769,59.2961051,60,MED,500
1,10.44668898,59.2355889,10.44668898,59.2355889,60,MED,500
1,10.44854504,59.23573006,10.44854504,59.23573006,60,MED,500
1,10.44983506,59.23630006,10.44983506,59.23630006,60,MED,500
1,10.38761659,59.25068505,10.38761659,59.25068505,40,MED,333
1,10.38727829,59.25022,10.38727829,59.25022,40,MED,333
1,10.38673336,59.24921505,10.38673336,59.24921505,40,MED,333
1,10.38641832,59.24848504,10.38641832,59.24848504,40,MED,333
1,11.05566301,60.82023344,11.05566301,60.82023344,40,MED,333
1,11.39106442,59.12487199,11.39106442,59.12487199,40,MED,333
1,11.39053511,59.12509238,11.39053511,59.12509238,40,MED,333
1,7.8146289,58.58977504,7.8146289,58.58977504,50,MED,416
1,7.81597011,58.58996368,7.81597011,58.58996368,50,MED,416
1,7.81698305,58.59024647,7.81698305,58.59024647,50,MED,416
1,7.81795658,58.59052071,7.81795658,58.59052071,50,MED,416
1,7.81895724,58.5908033,7.81895724,58.5908033,50,MED,416
1,7.82117743,58.59150153,7.82117743,58.59150153,50,MED,416
1,7.8218172,58.59183969,7.8218172,58.59183969,50,MED,416
1,7.8223286,58.59217019,7.8223286,58.59217019,50,MED,416
1,11.38127239,59.13999764,11.38127239,59.13999764,50,MED,416
1,10.4236957,59.27586001,10.4236957,59.27586001,30,MED,250
1,10.42370653,59.27455986,10.42370653,59.27455986,30,MED,250
1,8.0576769,59.28647964,8.0576769,59.28647964,80,MED,666
1,8.05684914,59.28683211,8.05684914,59.28683211,80,MED,666
1,8.05601284,59.28719862,8.05601284,59.28719862,80,MED,666
1,8.4695329,59.41138843,8.4695329,59.41138843,50,MED,416
1,8.47304701,59.40844665,8.47304701,59.40844665,50,MED,416
1,10.48121166,59.4136217,10.48121166,59.4136217,60,MED,500
1,10.4782984,59.41015172,10.4782984,59.41015172,60,MED,500
1,10.47731663,59.40915173,10.47731663,59.40915173,60,MED,500
1,10.47310888,59.40597424,10.47310888,59.40597424,60,MED,500
1,10.74688671,59.38389655,10.74688671,59.38389655,60,MED,500
1,7.53222804,59.09535223,7.53222804,59.09535223,60,MED,500
1,7.52776998,59.09668522,7.52776998,59.09668522,60,MED,500
1,11.06617879,59.26767505,11.06617879,59.26767505,50,MED,416
1,11.06469449,59.26755224,11.06469449,59.26755224,50,MED,416
1,11.06161353,59.26756882,11.06161353,59.26756882,50,MED,416
1,11.05980084,59.26770608,11.05980084,59.26770608,50,MED,416
1,11.05829092,59.2676646,11.05829092,59.2676646,50,MED,416
1,11.05682384,59.26743697,11.05682384,59.26743697,50,MED,416
1,11.05525117,59.26680502,11.05525117,59.26680502,50,MED,416
1,11.05399765,59.2663114,11.05399765,59.2663114,50,MED,416
1,11.09353534,60.79428931,11.09353534,60.79428931,40,MED,333
1,10.90476171,59.2166614,10.90476171,59.2166614,50,MED,416
1,10.91018932,59.22775012,10.91018932,59.22775012,50,MED,416
1,10.91015521,59.22842698,10.91015521,59.22842698,50,MED,416
1,10.91011686,59.22930521,10.91011686,59.22930521,50,MED,416
1,10.9100299,59.23045112,10.9100299,59.23045112,50,MED,416
1,7.96207779,58.15011583,7.96207779,58.15011583,40,MED,333
1,7.96108133,58.15056231,7.96108133,58.15056231,40,MED,333
1,8.02173859,58.15723863,8.02173859,58.15723863,50,MED,416
1,8.97572843,58.54889868,8.97572843,58.54889868,40,MED,333
1,8.97417643,58.55029647,8.97417643,58.55029647,40,MED,333
1,8.97649161,58.55208092,8.97649161,58.55208092,40,MED,333
1,8.98242263,58.55330212,8.98242263,58.55330212,40,MED,333
1,8.84999498,58.48662171,8.84999498,58.48662171,50,MED,416
1,8.8510184,58.48713506,8.8510184,58.48713506,50,MED,416
1,8.88448588,58.51920346,8.88448588,58.51920346,50,MED,416
1,8.88435074,58.5186058,8.88435074,58.5186058,50,MED,416
1,8.88431362,58.51794678,8.88431362,58.51794678,50,MED,416
1,8.88477298,58.51729116,8.88477298,58.51729116,50,MED,416
1,8.98020921,58.56250135,8.98020921,58.56250135,30,MED,250
1,8.98121283,58.56250262,8.98121283,58.56250262,30,MED,250
1,9.00753111,58.68513129,9.00753111,58.68513129,80,MED,666
1,9.00822377,58.6857835,9.00822377,58.6857835,80,MED,666
1,11.01410399,59.42424274,11.01410399,59.42424274,50,MED,416
1,11.01674576,59.42361945,11.01674576,59.42361945,60,MED,500
1,11.01795982,59.42421151,11.01795982,59.42421151,60,MED,500
1,11.04526997,59.22420368,11.04526997,59.22420368,80,MED,666
1,11.04603388,59.22500607,11.04603388,59.22500607,80,MED,666
1,11.04656384,59.22533705,11.04656384,59.22533705,80,MED,666
1,11.3158802,59.64155275,11.3158802,59.64155275,50,MED,416
1,11.3156135,59.64233125,11.3156135,59.64233125,50,MED,416
1,9.92659036,59.89227199,9.92659036,59.89227199,40,MED,333
1,9.92627549,59.89275401,9.92627549,59.89275401,40,MED,333
1,9.9252047,59.89287328,9.9252047,59.89287328,40,MED,333
1,9.91033167,59.89769508,9.91033167,59.89769508,40,MED,333
1,10.21954589,60.08839622,10.21954589,60.08839622,40,MED,333
1,10.19917817,60.07191269,10.19917817,60.07191269,40,MED,333
1,10.27872242,60.07701428,10.27872242,60.07701428,40,MED,333
1,10.2805866,60.07723981,10.2805866,60.07723981,40,MED,333
1,10.28145622,60.07736657,10.28145622,60.07736657,40,MED,333
1,9.9273471,59.89337069,9.9273471,59.89337069,60,MED,500
1,9.92762167,59.89394901,9.92762167,59.89394901,60,MED,500
1,9.92816211,59.89551222,9.92816211,59.89551222,60,MED,500
1,9.92938996,59.89757844,9.92938996,59.89757844,60,MED,500
1,9.93043309,59.8981165,9.93043309,59.8981165,60,MED,500
1,6.81406158,58.27077753,6.81406158,58.27077753,30,MED,250
1,6.81406158,58.27077753,6.81406158,58.27077753,30,MED,250
1,6.81377725,58.26862049,6.81377725,58.26862049,30,MED,250
1,9.96476715,59.92270563,9.96476715,59.92270563,80,MED,666
1,9.97452669,60.0005667,9.97452669,60.0005667,60,MED,500
1,9.97400495,60.0000617,9.97400495,60.0000617,60,MED,500
1,9.97232658,59.99901838,9.97232658,59.99901838,60,MED,500
1,9.97188996,59.99852337,9.97188996,59.99852337,60,MED,500
1,9.91635497,59.98839508,9.91635497,59.98839508,50,MED,416
1,9.91698829,59.98888007,9.91698829,59.98888007,50,MED,416
1,9.9180783,59.98968166,9.9180783,59.98968166,50,MED,416
1,9.91938172,59.99023667,9.91938172,59.99023667,50,MED,416
1,10.66535851,59.42109669,10.66535851,59.42109669,50,MED,416
1,6.64409581,58.30330917,6.64409581,58.30330917,40,MED,333
1,6.64409742,58.30331848,6.64409742,58.30331848,40,MED,333
1,10.35631164,60.12777169,10.35631164,60.12777169,50,MED,416
1,10.35116833,60.12816333,10.35116833,60.12816333,50,MED,416
1,10.30985267,60.18835288,10.30985267,60.18835288,60,MED,500
1,10.31154249,60.18970233,10.31154249,60.18970233,60,MED,500
1,10.31406568,60.19087462,10.31406568,60.19087462,60,MED,500
1,10.31734023,60.19201722,10.31734023,60.19201722,60,MED,500
1,10.32212158,60.17471506,10.32212158,60.17471506,50,MED,416
1,10.32146504,60.17394172,10.32146504,60.17394172,50,MED,416
1,10.3183084,60.17177674,10.3183084,60.17177674,50,MED,416
1,10.31644504,60.17091999,10.31644504,60.17091999,50,MED,416
1,10.31549173,60.16989003,10.31549173,60.16989003,50,MED,416
1,10.3145267,60.16894005,10.3145267,60.16894005,50,MED,416
1,10.31274493,60.16837836,10.31274493,60.16837836,50,MED,416
1,10.31029492,60.16768835,10.31029492,60.16768835,50,MED,416
1,10.30805493,60.16700341,10.30805493,60.16700341,50,MED,416
1,10.09504169,60.35471336,10.09504169,60.35471336,40,MED,333
1,10.09348832,60.35424836,10.09348832,60.35424836,40,MED,333
1,11.0815061,59.62132998,11.0815061,59.62132998,40,MED,333
1,10.25611989,60.1641905,10.25611989,60.1641905,50,MED,416
1,10.25644907,60.16423256,10.25644907,60.16423256,50,MED,416
1,11.34962962,59.41779381,11.34962962,59.41779381,30,MED,250
1,11.34327895,59.42535835,11.34327895,59.42535835,30,MED,250
1,11.3431406,59.42559687,11.3431406,59.42559687,30,MED,250
1,11.34263871,59.42632282,11.34263871,59.42632282,30,MED,250
1,11.3423869,59.42662793,11.3423869,59.42662793,30,MED,250
1,11.34212994,59.42685301,11.34212994,59.42685301,30,MED,250
1,11.34142865,59.42729132,11.34142865,59.42729132,30,MED,250
1,11.34113345,59.42743086,11.34113345,59.42743086,30,MED,250
1,11.34025445,59.42783457,11.34025445,59.42783457,30,MED,250
1,10.23965339,60.17631002,10.23965339,60.17631002,40,MED,333
1,10.23865008,60.17721836,10.23865008,60.17721836,40,MED,333
1,10.23721163,60.17888502,10.23721163,60.17888502,40,MED,333
1,10.23536164,60.18142507,10.23536164,60.18142507,40,MED,333
1,10.23485842,60.18607334,10.23485842,60.18607334,40,MED,333
1,10.23445995,60.18724999,10.23445995,60.18724999,40,MED,333
1,10.17818497,60.26894835,10.17818497,60.26894835,80,MED,666
1,9.62015117,60.18064629,9.62015117,60.18064629,80,MED,666
1,7.44894083,62.92010993,7.44894083,62.92010993,60,MED,500
1,7.44787891,62.92020779,7.44787891,62.92020779,60,MED,500
1,7.44571706,62.9200889,7.44571706,62.9200889,60,MED,500
1,7.44457445,62.91979707,7.44457445,62.91979707,60,MED,500
1,10.21023498,60.17886166,10.21023498,60.17886166,60,MED,500
1,10.20385061,60.1814879,10.20385061,60.1814879,60,MED,500
1,10.20370994,60.18165337,10.20370994,60.18165337,60,MED,500
1,10.20258365,60.18301136,10.20258365,60.18301136,60,MED,500
1,10.20249159,60.18333505,10.20249159,60.18333505,60,MED,500
1,10.12973825,60.20275838,10.12973825,60.20275838,60,MED,500
1,9.92826742,60.2411404,9.92826742,60.2411404,60,MED,500
1,9.92785704,60.24244357,9.92785704,60.24244357,60,MED,500
1,9.92825233,60.24404221,9.92825233,60.24404221,60,MED,500
1,11.32666508,59.55538834,11.32666508,59.55538834,40,MED,333
1,9.63955674,60.04176339,9.63955674,60.04176339,40,MED,333
1,11.43871755,59.12371794,11.43871755,59.12371794,40,MED,333
1,8.64020588,59.8808458,8.64020588,59.8808458,50,MED,416
1,8.65162245,59.88140747,8.65162245,59.88140747,50,MED,416
1,8.66199789,59.88152902,8.66199789,59.88152902,50,MED,416
1,6.80448287,58.09478802,6.80448287,58.09478802,50,MED,416
1,6.80440084,58.09477431,6.80440084,58.09477431,50,MED,416
1,6.80534474,58.0956158,6.80534474,58.0956158,50,MED,416
1,6.80504227,58.0952362,6.80504227,58.0952362,50,MED,416
1,6.80472141,58.09472544,6.80472141,58.09472544,60,MED,500
1,11.25981265,59.5783234,11.25981265,59.5783234,80,MED,666
1,11.64152641,60.2037871,11.64152641,60.2037871,80,MED,666
1,11.64237566,60.20186154,11.64237566,60.20186154,80,MED,666
1,11.64414548,60.19777502,11.64414548,60.19777502,80,MED,666
1,7.85737276,62.94268743,7.85737276,62.94268743,80,MED,666
1,7.85700142,62.94206276,7.85700142,62.94206276,80,MED,666
1,11.31610709,59.6409282,11.31610709,59.6409282,50,MED,416
1,11.31744779,59.64096627,11.31744779,59.64096627,50,MED,416
1,11.31888073,59.64130053,11.31888073,59.64130053,50,MED,416
1,11.32053368,59.641849,11.32053368,59.641849,50,MED,416
1,8.28855829,62.85817301,8.28855829,62.85817301,30,MED,250
1,8.28581372,62.85716229,8.28581372,62.85716229,30,MED,250
1,8.28509825,62.85683741,8.28509825,62.85683741,30,MED,250
1,8.28413802,62.85633479,8.28413802,62.85633479,30,MED,250
1,11.19850471,60.71667627,11.19850471,60.71667627,30,MED,250
1,11.19990907,60.71691157,11.19990907,60.71691157,30,MED,250
1,7.78060483,58.09349193,7.78060483,58.09349193,30,MED,250
1,5.71502023,58.96254644,5.71502023,58.96254644,40,MED,333
1,5.71399205,58.96377035,5.71399205,58.96377035,40,MED,333
1,10.03281581,58.99821338,10.03281581,58.99821338,40,MED,333
1,10.03027279,58.9981677,10.03027279,58.9981677,40,MED,333
1,10.02862096,58.99815427,10.02862096,58.99815427,40,MED,333
1,10.02514104,58.99928472,10.02514104,58.99928472,40,MED,333
1,10.02248364,59.00111604,10.02248364,59.00111604,40,MED,333
1,10.02173381,59.00137765,10.02173381,59.00137765,40,MED,333
1,10.01424534,59.02161136,10.01424534,59.02161136,80,MED,666
1,10.00709069,59.01511903,10.00709069,59.01511903,80,MED,666
1,10.00693985,59.01422019,10.00693985,59.01422019,80,MED,666
1,10.00641721,59.01329907,10.00641721,59.01329907,80,MED,666
1,10.0343699,58.99836047,10.0343699,58.99836047,40,MED,333
1,10.03115897,58.99818153,10.03115897,58.99818153,40,MED,333
1,9.85602746,58.97857848,9.85602746,58.97857848,30,MED,250
1,9.85502869,58.97666123,9.85502869,58.97666123,30,MED,250
1,9.86585567,58.96813619,9.86585567,58.96813619,30,MED,250
1,9.863775,58.99390852,9.863775,58.99390852,50,MED,416
1,9.86251845,58.99380907,9.86251845,58.99380907,50,MED,416
1,9.86122696,58.99368204,9.86122696,58.99368204,50,MED,416
1,9.86012095,58.99357514,9.86012095,58.99357514,50,MED,416
1,9.85907277,58.99362386,9.85907277,58.99362386,50,MED,416
1,9.28515227,59.5522111,9.28515227,59.5522111,50,MED,416
1,10.33935998,59.23076839,10.33935998,59.23076839,60,MED,500
1,10.33964502,59.23187002,10.33964502,59.23187002,60,MED,500
1,10.35936032,59.25680407,10.35936032,59.25680407,60,MED,500
1,10.35937674,59.256815,10.35937674,59.256815,60,MED,500
1,9.05515474,59.41511655,9.05515474,59.41511655,80,MED,666
1,10.13826195,59.21394914,10.13826195,59.21394914,40,MED,333
1,10.13710529,59.21554259,10.13710529,59.21554259,40,MED,333
1,10.09592807,59.08982672,10.09592807,59.08982672,30,MED,250
1,10.09692603,59.08973057,10.09692603,59.08973057,30,MED,250
1,10.09785442,59.08963556,10.09785442,59.08963556,30,MED,250
1,10.09891268,59.08979249,10.09891268,59.08979249,30,MED,250
1,10.09993545,59.09002048,10.09993545,59.09002048,30,MED,250
1,10.10135263,59.0894605,10.10135263,59.0894605,30,MED,250
1,10.18311687,59.02845672,10.18311687,59.02845672,60,MED,500
1,10.18340543,59.02806491,10.18340543,59.02806491,60,MED,500
1,10.09550093,59.03230465,10.09550093,59.03230465,40,MED,333
1,10.09925021,59.03148466,10.09925021,59.03148466,40,MED,333
1,10.12298094,59.05175429,10.12298094,59.05175429,40,MED,333
1,10.20470484,59.09534658,10.20470484,59.09534658,80,MED,666
1,10.205091,59.09599425,10.205091,59.09599425,80,MED,666
1,10.20542675,59.09656872,10.20542675,59.09656872,80,MED,666
1,10.20606902,59.09728677,10.20606902,59.09728677,80,MED,666
1,10.20647374,59.09827712,10.20647374,59.09827712,80,MED,666
1,10.20667668,59.10007032,10.20667668,59.10007032,80,MED,666
1,10.20696649,59.10111875,10.20696649,59.10111875,80,MED,666
2,10.95147002,59.04910395,10.95147002,59.04910395,40,MED,73
2,10.95113889,59.04968363,10.95113889,59.04968363,40,MED,73
2,5.88430314,62.23273343,5.88430314,62.23273343,80,MED,2418
2,5.90200295,62.22002267,5.90200295,62.22002267,80,MED,2418
2,5.90261913,62.2198769,5.90261913,62.2198769,80,MED,0
2,5.90261913,62.2198769,5.90261913,62.2198769,80,MED,0
2,5.94706451,62.21780162,5.94706451,62.21780162,80,MED,0
2,5.94706451,62.21780162,5.94706451,62.21780162,80,MED,0
2,10.82603972,63.41593793,10.82603972,63.41593793,90,MED,6076
2,10.77154313,63.41180391,10.77154313,63.41180391,90,MED,6076
2,9.39363283,61.89608437,9.39363283,61.89608437,80,MED,113
2,9.39461286,61.89578644,9.39461286,61.89578644,80,MED,113
2,10.69792219,60.21438098,10.69792219,60.21438098,80,MED,87
2,10.69825835,60.2151053,10.69825835,60.2151053,80,MED,87
2,10.86251512,62.00047105,10.86251512,62.00047105,80,MED,97
2,10.86330395,62.00008381,10.86330395,62.00008381,80,MED,97
2,11.67895702,60.93765403,11.67895702,60.93765403,80,MED,65
2,11.67866145,60.93713449,11.67866145,60.93713449,80,MED,65
2,16.5231954,68.70557757,16.5231954,68.70557757,80,MED,154
2,16.52454932,68.7052691,16.52454932,68.7052691,80,MED,154
2,15.05649439,68.5874332,15.05649439,68.5874332,70,MOT,112
2,15.05740058,68.58789064,15.05740058,68.58789064,70,MOT,112
2,10.61376963,60.61772597,10.61376963,60.61772597,60,MED,111
2,10.61474088,60.61747826,10.61474088,60.61747826,60,MED,111
2,10.18712461,61.46649732,10.18712461,61.46649732,80,MED,69
2,10.18745105,61.46703874,10.18745105,61.46703874,80,MED,69
2,9.47336876,61.78009508,9.47336876,61.78009508,50,MED,86
2,9.47399026,61.77961935,9.47399026,61.77961935,50,MED,86
2,10.90364409,63.54984255,10.90364409,63.54984255,70,MED,0
2,10.90364409,63.54984255,10.90364409,63.54984255,70,MED,0
2,11.22664763,59.9240499,11.22664763,59.9240499,60,MED,117
2,11.22559359,59.92414926,11.22559359,59.92414926,60,MED,117
2,10.58260879,63.42310599,10.58260879,63.42310599,90,MED,0
2,10.58260879,63.42310599,10.58260879,63.42310599,90,MED,0
2,9.17677004,60.49156382,9.17677004,60.49156382,80,MED,90
2,9.17746237,60.49112334,9.17746237,60.49112334,80,MED,90
2,6.16684959,62.49317678,6.16684959,62.49317678,80,MED,42
2,6.16650089,62.49333083,6.16650089,62.49333083,80,MED,42
2,10.00824274,61.54853275,10.00824274,61.54853275,80,MED,192
2,10.00996755,61.54840862,10.00996755,61.54840862,80,MED,192
2,9.70780424,61.62732392,9.70780424,61.62732392,90,MED,124
2,9.70714585,61.62823997,9.70714585,61.62823997,90,MED,124
2,8.71080187,59.59148339,8.71080187,59.59148339,80,MED,85
2,8.71021438,59.59098254,8.71021438,59.59098254,80,MED,85
2,7.24218373,60.91211701,7.24218373,60.91211701,70,MOT,102
2,7.2413376,60.91175819,7.2413376,60.91175819,70,MOT,102
2,5.46169088,59.70780649,5.46169088,59.70780649,80,MOT,0
2,5.46169088,59.70780649,5.46169088,59.70780649,80,MOT,0
2,10.14814441,60.31593757,10.14814441,60.31593757,80,MOT,0
2,10.14814441,60.31593757,10.14814441,60.31593757,80,MOT,0
2,18.60114648,69.09731017,18.60114648,69.09731017,80,MED,0
2,18.60114648,69.09731017,18.60114648,69.09731017,80,MED,0
2,10.45323464,62.39339419,10.45323464,62.39339419,80,MED,168
2,10.45472223,62.39311633,10.45472223,62.39311633,80,MED,168
2,14.86123058,68.50274118,14.86123058,68.50274118,60,MOT,172
2,14.85968096,68.50268424,14.85968096,68.50268424,60,MOT,172
2,13.61844322,66.04746923,13.61844322,66.04746923,80,MED,327
2,13.6155497,66.04802301,13.6155497,66.04802301,80,MED,327
2,10.15302181,63.31139627,10.15302181,63.31139627,80,MED,119
2,10.15408914,63.31128357,10.15408914,63.31128357,80,MED,119
2,10.05291045,63.32227891,10.05291045,63.32227891,80,MED,124
2,10.05402957,63.3223656,10.05402957,63.3223656,80,MED,124
2,14.50615986,67.27748792,14.50615986,67.27748792,60,MED,0
2,14.50615986,67.27748792,14.50615986,67.27748792,60,MED,0
2,7.05602698,60.89479965,7.05602698,60.89479965,80,MOT,0
2,7.05602698,60.89479965,7.05602698,60.89479965,80,MOT,0
